English Name_Nom anglais,French Name_Nom français,Scientific Name_Nom scientifique,Regularly Occurring Native Species (included in analyses) _Espèce indigène régulièrement présente (incluse dans les analyses),Species Whose Range Expanded Into Canada Since 1970 (excluded from indicators) _Espèces dont l'aire de répartition s'est étendue au Canada depuis 1970 (exclus des indicateurs),Waterfowl _Sauvagine,Birds of Prey _Oiseaux de proie,Wetland Birds _Oiseaux de milieux humides,Seabirds _Oiseaux de mer,Forest Birds _Oiseaux forestiers,All Other Birds _Tous les autres oiseaux,Shorebirds _Oiseaux de rivage,Grassland Birds _Oiseaux de prairie,Aerial Insectivores _Insectivores aériens,Waterfowl and Wetland Birds - Goose species _Sauvagine et oiseaux de milieux humides - espèces d'oies,Waterfowl and Wetland Birds - Duck Species _Sauvagine et oiseaux de milieux humides - espèces de canards,Grassland Birds - Species Dependent On Native  Grassland _Oiseaux de prairie - espèces dépendantes des prairies indigènes,Grassland Birds - Species Tolerant Of Agriculture _Oiseaux de prairie - espèces tolérantes des paysages agricoles,Shorebirds - Long-distance Migrants _Oiseaux de rivage migrant sur de grandes distances,Shorebirds - Short-distance Migrants _Oiseaux de rivage migrant sur de courtes distances,Forest Birds - Species Wintering In South America _Oiseaux forestiers - espèces hivernant en Amérique du Sud,Forest Birds - Species Wintering In Canada _Oiseaux forestiers - espèces hivernant au Canada,Forest Birds - Forest Crop Specialists _Oiseaux forestiers - spécialistes de graines et de fruits d'arbres,
Snow Goose,Oie des neiges,Anser caerulescens,Included_Inclus,,Included_Inclus,,,,,,,,,Included_Inclus,,,,,,,,,
Ross's Goose,Oie de Ross,Anser rossii,Included_Inclus,,Included_Inclus,,,,,,,,,Included_Inclus,,,,,,,,,
Greater White-fronted Goose,Oie rieuse,Anser albifrons,Included_Inclus,,Included_Inclus,,,,,,,,,Included_Inclus,,,,,,,,,
Brant,Bernache cravant,Branta bernicla,Included_Inclus,,Included_Inclus,,,,,,,,,Included_Inclus,,,,,,,,,
Cackling Goose,Bernache de Hutchins,Branta hutchinsii,Included_Inclus,,Included_Inclus,,,,,,,,,Included_Inclus,,,,,,,,,
Canada Goose,Bernache du Canada,Branta canadensis,Included_Inclus,,Included_Inclus,,,,,,,,,Included_Inclus,,,,,,,,,
Mute Swan,Cygne tuberculé,Cygnus olor,,,,,,,,,,,,,,,,,,,,,
Trumpeter Swan,Cygne trompette,Cygnus buccinator,Included_Inclus,,Included_Inclus,,,,,,,,,,,,,,,,,,
Tundra Swan,Cygne siffleur,Cygnus columbianus,Included_Inclus,,Included_Inclus,,,,,,,,,,,,,,,,,,
Wood Duck,Canard branchu,Aix sponsa,Included_Inclus,,Included_Inclus,,,,,,,,,,Included_Inclus,,,,,,,,
Blue-winged Teal,Sarcelle à ailes bleues,Spatula discors,Included_Inclus,,Included_Inclus,,,,,,,,,,Included_Inclus,,,,,,,,
Cinnamon Teal,Sarcelle cannelle,Spatula cyanoptera,Included_Inclus,,Included_Inclus,,,,,,,,,,Included_Inclus,,,,,,,,
Northern Shoveler,Canard souchet,Spatula clypeata,Included_Inclus,,Included_Inclus,,,,,,,,,,Included_Inclus,,,,,,,,
Gadwall,Canard chipeau,Mareca strepera,Included_Inclus,,Included_Inclus,,,,,,,,,,Included_Inclus,,,,,,,,
Eurasian Wigeon,Canard siffleur,Mareca penelope,Included_Inclus,,Included_Inclus,,,,,,,,,,Included_Inclus,,,,,,,,
American Wigeon,Canard d'Amérique,Mareca americana,Included_Inclus,,Included_Inclus,,,,,,,,,,Included_Inclus,,,,,,,,
Mallard,Canard colvert,Anas platyrhynchos,Included_Inclus,,Included_Inclus,,,,,,,,,,Included_Inclus,,,,,,,,
American Black Duck,Canard noir,Anas rubripes,Included_Inclus,,Included_Inclus,,,,,,,,,,Included_Inclus,,,,,,,,
Northern Pintail,Canard pilet,Anas acuta,Included_Inclus,,Included_Inclus,,,,,,,,,,Included_Inclus,,,,,,,,
Green-winged Teal,Sarcelle d'hiver,Anas crecca,Included_Inclus,,Included_Inclus,,,,,,,,,,Included_Inclus,,,,,,,,
Canvasback,Fuligule à dos blanc,Aythya valisineria,Included_Inclus,,Included_Inclus,,,,,,,,,,Included_Inclus,,,,,,,,
Redhead,Fuligule à tête rouge,Aythya americana,Included_Inclus,,Included_Inclus,,,,,,,,,,Included_Inclus,,,,,,,,
Ring-necked Duck,Fuligule à collier,Aythya collaris,Included_Inclus,,Included_Inclus,,,,,,,,,,Included_Inclus,,,,,,,,
Greater Scaup,Fuligule milouinan,Aythya marila,Included_Inclus,,Included_Inclus,,,,,,,,,,Included_Inclus,,,,,,,,
Lesser Scaup,Petit Fuligule,Aythya affinis,Included_Inclus,,Included_Inclus,,,,,,,,,,Included_Inclus,,,,,,,,
King Eider,Eider à tête grise,Somateria spectabilis,Included_Inclus,,Included_Inclus,,,,,,,,,,Included_Inclus,,,,,,,,
Common Eider,Eider à duvet,Somateria mollissima,Included_Inclus,,Included_Inclus,,,,,,,,,,Included_Inclus,,,,,,,,
Harlequin Duck,Arlequin plongeur,Histrionicus histrionicus,Included_Inclus,,Included_Inclus,,,,,,,,,,Included_Inclus,,,,,,,,
Surf Scoter,Macreuse à front blanc,Melanitta perspicillata,Included_Inclus,,Included_Inclus,,,,,,,,,,Included_Inclus,,,,,,,,
Labrador Duck,Eider du Labrador,Camptorhynchus labradorius,,,,,,,,,,,,,,,,,,,,,
White-winged Scoter,Macreuse brune,Melanitta fusca,Included_Inclus,,Included_Inclus,,,,,,,,,,Included_Inclus,,,,,,,,
Black Scoter,Macreuse à bec jaune,Melanitta americana,Included_Inclus,,Included_Inclus,,,,,,,,,,Included_Inclus,,,,,,,,
Long-tailed Duck,Harelde kakawi,Clangula hyemalis,Included_Inclus,,Included_Inclus,,,,,,,,,,Included_Inclus,,,,,,,,
Bufflehead,Petit Garrot,Bucephala albeola,Included_Inclus,,Included_Inclus,,,,,,,,,,Included_Inclus,,,,,,,,
Common Goldeneye,Garrot à oeil d'or,Bucephala clangula,Included_Inclus,,Included_Inclus,,,,,,,,,,Included_Inclus,,,,,,,,
Barrow's Goldeneye,Garrot d'Islande,Bucephala islandica,Included_Inclus,,Included_Inclus,,,,,,,,,,Included_Inclus,,,,,,,,
Hooded Merganser,Harle couronné,Lophodytes cucullatus,Included_Inclus,,Included_Inclus,,,,,,,,,,Included_Inclus,,,,,,,,
Common Merganser,Grand Harle,Mergus merganser,Included_Inclus,,Included_Inclus,,,,,,,,,,Included_Inclus,,,,,,,,
Red-breasted Merganser,Harle huppé,Mergus serrator,Included_Inclus,,Included_Inclus,,,,,,,,,,Included_Inclus,,,,,,,,
Ruddy Duck,Érismature rousse,Oxyura jamaicensis,Included_Inclus,,Included_Inclus,,,,,,,,,,Included_Inclus,,,,,,,,
Mountain Quail,Colin des montagnes,Oreortyx pictus,,,,,,,,,,,,,,,,,,,,,
Northern Bobwhite,Colin de Virginie,Colinus virginianus,Included_Inclus,,,,,,,,,Included_Inclus,,,,,Included_Inclus,,,,,,
California Quail,Colin de Californie,Callipepla californica,,,,,,,,,,,,,,,,,,,,,
Chukar,Perdrix choukar,Alectoris chukar,,,,,,,,,,,,,,,,,,,,,
Gray Partridge,Perdrix grise,Perdix perdix,,,,,,,,,,,,,,,,,,,,,
Ring-necked Pheasant,Faisan de Colchide,Phasianus colchicus,,,,,,,,,,,,,,,,,,,,,
Ruffed Grouse,Gélinotte huppée,Bonasa umbellus,Included_Inclus,,,,,,Included_Inclus,,,,,,,,,,,,Included_Inclus,,
Greater Sage-Grouse,Tétras des armoises,Centrocercus urophasianus,Included_Inclus,,,,,,,,,Included_Inclus,,,,Included_Inclus,,,,,,,
Spruce Grouse,Tétras du Canada,Falcipennis canadensis,Included_Inclus,,,,,,Included_Inclus,,,,,,,,,,,,Included_Inclus,,
Willow Ptarmigan,Lagopède des saules,Lagopus lagopus,Included_Inclus,,,,,,,Included_Inclus,,,,,,,,,,,,,
Rock Ptarmigan,Lagopède alpin,Lagopus muta,Included_Inclus,,,,,,,Included_Inclus,,,,,,,,,,,,,
White-tailed Ptarmigan,Lagopède à queue blanche,Lagopus leucura,Included_Inclus,,,,,,,Included_Inclus,,,,,,,,,,,,,
Dusky Grouse,Tétras sombre,Dendragapus obscurus,Included_Inclus,,,,,,Included_Inclus,,,,,,,,,,,,Included_Inclus,,
Sooty Grouse,Tétras fuligineux,Dendragapus fuliginosus,Included_Inclus,,,,,,Included_Inclus,,,,,,,,,,,,Included_Inclus,,
Sharp-tailed Grouse,Tétras à queue fine,Tympanuchus phasianellus,Included_Inclus,,,,,,,,,Included_Inclus,,,,,Included_Inclus,,,,,,
Greater Prairie-Chicken,Tétras des prairies,Tympanuchus cupido,,,,,,,,,,,,,,,,,,,,,
Wild Turkey,Dindon sauvage,Meleagris gallopavo,,Included_Inclus,,,,,,,,,,,,,,,,,,,
Pied-billed Grebe,Grèbe à bec bigarré,Podilymbus podiceps,Included_Inclus,,,,Included_Inclus,,,,,,,,,,,,,,,,
Horned Grebe,Grèbe esclavon,Podiceps auritus,Included_Inclus,,,,Included_Inclus,,,,,,,,,,,,,,,,
Red-necked Grebe,Grèbe jougris,Podiceps grisegena,Included_Inclus,,,,Included_Inclus,,,,,,,,,,,,,,,,
Eared Grebe,Grèbe à cou noir,Podiceps nigricollis,Included_Inclus,,,,Included_Inclus,,,,,,,,,,,,,,,,
Western Grebe,Grèbe élégant,Aechmophorus occidentalis,Included_Inclus,,,,Included_Inclus,,,,,,,,,,,,,,,,
Clark's Grebe,Grèbe à face blanche,Aechmophorus clarkii,Included_Inclus,,,,Included_Inclus,,,,,,,,,,,,,,,,
Rock Pigeon,Pigeon biset,Columba livia,,,,,,,,,,,,,,,,,,,,,
Band-tailed Pigeon,Pigeon à queue barrée,Patagioenas fasciata,Included_Inclus,,,,,,Included_Inclus,,,,,,,,,,,,,Included_Inclus,
Eurasian Collared-Dove,Tourterelle turque,Streptopelia decaocto,,,,,,,,,,,,,,,,,,,,,
Passenger Pigeon,Tourte voyageuse,Ectopistes migratorius,,,,,,,,,,,,,,,,,,,,,
Mourning Dove,Tourterelle triste,Zenaida macroura,Included_Inclus,,,,,,,Included_Inclus,,,,,,,,,,,,,
Yellow-billed Cuckoo,Coulicou à bec jaune,Coccyzus americanus,Included_Inclus,,,,,,Included_Inclus,,,,,,,,,,,Included_Inclus,,,
Black-billed Cuckoo,Coulicou à bec noir,Coccyzus erythropthalmus,Included_Inclus,,,,,,Included_Inclus,,,,,,,,,,,Included_Inclus,,,
Common Nighthawk,Engoulevent d'Amérique,Chordeiles minor,Included_Inclus,,,,,,,,,,Included_Inclus,,,,,,,,,,
Common Poorwill,Engoulevent de Nuttall,Phalaenoptilus nuttallii,Included_Inclus,,,,,,,,,,Included_Inclus,,,,,,,,,,
Chuck-will's-widow,Engoulevent de Caroline,Antrostomus carolinensis,Included_Inclus,,,,,,,,,,Included_Inclus,,,,,,,,,,
Eastern Whip-poor-will,Engoulevent bois-pourri,Antrostomus vociferus,Included_Inclus,,,,,,Included_Inclus,,,,Included_Inclus,,,,,,,,,,
Black Swift,Martinet sombre,Cypseloides niger,Included_Inclus,,,,,,,,,,Included_Inclus,,,,,,,,,,
Chimney Swift,Martinet ramoneur,Chaetura pelagica,Included_Inclus,,,,,,,,,,Included_Inclus,,,,,,,,,,
Vaux's Swift,Martinet de Vaux,Chaetura vauxi,Included_Inclus,,,,,,Included_Inclus,,,,Included_Inclus,,,,,,,,,,
White-throated Swift,Martinet à gorge blanche,Aeronautes saxatalis,Included_Inclus,,,,,,,,,,Included_Inclus,,,,,,,,,,
Ruby-throated Hummingbird,Colibri à gorge rubis,Archilochus colubris,Included_Inclus,,,,,,Included_Inclus,,,,,,,,,,,,,,
Black-chinned Hummingbird,Colibri à gorge noire,Archilochus alexandri,Included_Inclus,,,,,,,Included_Inclus,,,,,,,,,,,,,
Anna's Hummingbird,Colibri d'Anna,Calypte anna,,Included_Inclus,,,,,,,,,,,,,,,,,,,
Rufous Hummingbird,Colibri roux,Selasphorus rufus,Included_Inclus,,,,,,Included_Inclus,,,,,,,,,,,,,,
Calliope Hummingbird,Colibri calliope,Selasphorus calliope,Included_Inclus,,,,,,Included_Inclus,,,,,,,,,,,,,,
Yellow Rail,Râle jaune,Coturnicops noveboracensis,Included_Inclus,,,,Included_Inclus,,,,,,,,,,,,,,,,
King Rail,Râle élégant,Rallus elegans,Included_Inclus,,,,Included_Inclus,,,,,,,,,,,,,,,,
Virginia Rail,Râle de Virginie,Rallus limicola,Included_Inclus,,,,Included_Inclus,,,,,,,,,,,,,,,,
Sora,Marouette de Caroline,Porzana carolina,Included_Inclus,,,,Included_Inclus,,,,,,,,,,,,,,,,
Common Gallinule,Gallinule d'Amérique,Gallinula galeata,Included_Inclus,,,,Included_Inclus,,,,,,,,,,,,,,,,
American Coot,Foulque d'Amérique,Fulica americana,Included_Inclus,,,,Included_Inclus,,,,,,,,,,,,,,,,
Sandhill Crane,Grue du Canada,Antigone canadensis,Included_Inclus,,,,Included_Inclus,,,,,,,,,,,,,,,,
Whooping Crane,Grue blanche,Grus americana,Included_Inclus,,,,Included_Inclus,,,,,,,,,,,,,,,,
Black-necked Stilt,Échasse d'Amérique,Himantopus mexicanus,,Included_Inclus,,,,,,,,,,,,,,,,,,,
American Avocet,Avocette d'Amérique,Recurvirostra americana,Included_Inclus,,,,,,,,Included_Inclus,,,,,,,,Included_Inclus,,,,
American Oystercatcher,Huîtrier d'Amérique,Haematopus palliatus,Included_Inclus,,,,,,,,Included_Inclus,,,,,,,,Included_Inclus,,,,
Black Oystercatcher,Huîtrier de Bachman,Haematopus bachmani,Included_Inclus,,,,,,,,Included_Inclus,,,,,,,,Included_Inclus,,,,
Black-bellied Plover,Pluvier argenté,Pluvialis squatarola,Included_Inclus,,,,,,,,Included_Inclus,,,,,,,Included_Inclus,,,,,
American Golden-Plover,Pluvier bronzé,Pluvialis dominica,Included_Inclus,,,,,,,,Included_Inclus,,,,,,,Included_Inclus,,,,,
Pacific Golden-Plover,Pluvier fauve,Pluvialis fulva,Included_Inclus,,,,,,,,Included_Inclus,,,,,,,,Included_Inclus,,,,
Snowy Plover,Pluvier neigeux,Charadrius nivosus,Included_Inclus,,,,,,,,Included_Inclus,,,,,,,,Included_Inclus,,,,
Common Ringed Plover,Pluvier grand-gravelot,Charadrius hiaticula,Included_Inclus,,,,,,,,Included_Inclus,,,,,,,,Included_Inclus,,,,
Semipalmated Plover,Pluvier semipalmé,Charadrius semipalmatus,Included_Inclus,,,,,,,,Included_Inclus,,,,,,,Included_Inclus,,,,,
Piping Plover,Pluvier siffleur,Charadrius melodus,Included_Inclus,,,,,,,,Included_Inclus,,,,,,,,Included_Inclus,,,,
Killdeer,Pluvier kildir,Charadrius vociferus,Included_Inclus,,,,,,,,Included_Inclus,,,,,,,,Included_Inclus,,,,
Mountain Plover,Pluvier montagnard,Charadrius montanus,Included_Inclus,,,,,,,,Included_Inclus,Included_Inclus,,,,,,,Included_Inclus,,,,
Upland Sandpiper,Maubèche des champs,Bartramia longicauda,Included_Inclus,,,,,,,,Included_Inclus,Included_Inclus,,,,,Included_Inclus,,Included_Inclus,,,,
Whimbrel,Courlis corlieu,Numenius phaeopus,Included_Inclus,,,,,,,,Included_Inclus,,,,,,,Included_Inclus,,,,,
Eskimo Curlew,Courlis esquimau,Numenius borealis,Included_Inclus,,,,,,,,Included_Inclus,Included_Inclus,,,,,,Included_Inclus,,,,,
Long-billed Curlew,Courlis à long bec,Numenius americanus,Included_Inclus,,,,,,,,Included_Inclus,Included_Inclus,,,,,Included_Inclus,,Included_Inclus,,,,
Hudsonian Godwit,Barge hudsonienne,Limosa haemastica,Included_Inclus,,,,,,,,Included_Inclus,,,,,,,Included_Inclus,,,,,
Marbled Godwit,Barge marbrée,Limosa fedoa,Included_Inclus,,,,,,,,Included_Inclus,,,,,,,,Included_Inclus,,,,
Ruddy Turnstone,Tournepierre à collier,Arenaria interpres,Included_Inclus,,,,,,,,Included_Inclus,,,,,,,Included_Inclus,,,,,
Black Turnstone,Tournepierre noir,Arenaria melanocephala,Included_Inclus,,,,,,,,Included_Inclus,,,,,,,,Included_Inclus,,,,
Red Knot,Bécasseau maubèche,Calidris canutus,Included_Inclus,,,,,,,,Included_Inclus,,,,,,,Included_Inclus,,,,,
Surfbird,Bécasseau du ressac,Calidris virgata,Included_Inclus,,,,,,,,Included_Inclus,,,,,,,,Included_Inclus,,,,
Ruff,Combattant varié,Calidris pugnax,Included_Inclus,,,,,,,,Included_Inclus,,,,,,,,Included_Inclus,,,,
Sharp-tailed Sandpiper,Bécasseau à queue pointue,Calidris acuminata,Included_Inclus,,,,,,,,Included_Inclus,,,,,,,,Included_Inclus,,,,
Stilt Sandpiper,Bécasseau à échasses,Calidris himantopus,Included_Inclus,,,,,,,,Included_Inclus,,,,,,,Included_Inclus,,,,,
Sanderling,Bécasseau sanderling,Calidris alba,Included_Inclus,,,,,,,,Included_Inclus,,,,,,,Included_Inclus,,,,,
Dunlin,Bécasseau variable,Calidris alpina,Included_Inclus,,,,,,,,Included_Inclus,,,,,,,,Included_Inclus,,,,
Rock Sandpiper,Bécasseau des Aléoutiennes,Calidris ptilocnemis,Included_Inclus,,,,,,,,Included_Inclus,,,,,,,,Included_Inclus,,,,
Purple Sandpiper,Bécasseau violet,Calidris maritima,Included_Inclus,,,,,,,,Included_Inclus,,,,,,,,Included_Inclus,,,,
Baird's Sandpiper,Bécasseau de Baird,Calidris bairdii,Included_Inclus,,,,,,,,Included_Inclus,,,,,,,Included_Inclus,,,,,
Least Sandpiper,Bécasseau minuscule,Calidris minutilla,Included_Inclus,,,,,,,,Included_Inclus,,,,,,,Included_Inclus,,,,,
White-rumped Sandpiper,Bécasseau à croupion blanc,Calidris fuscicollis,Included_Inclus,,,,,,,,Included_Inclus,,,,,,,Included_Inclus,,,,,
Buff-breasted Sandpiper,Bécasseau roussâtre,Calidris subruficollis,Included_Inclus,,,,,,,,Included_Inclus,,,,,,,,Included_Inclus,,,,
Pectoral Sandpiper,Bécasseau à poitrine cendrée,Calidris melanotos,Included_Inclus,,,,,,,,Included_Inclus,,,,,,,Included_Inclus,,,,,
Semipalmated Sandpiper,Bécasseau semipalmé,Calidris pusilla,Included_Inclus,,,,,,,,Included_Inclus,,,,,,,Included_Inclus,,,,,
Western Sandpiper,Bécasseau d'Alaska,Calidris mauri,Included_Inclus,,,,,,,,Included_Inclus,,,,,,,Included_Inclus,,,,,
Short-billed Dowitcher,Bécassin roux,Limnodromus griseus,Included_Inclus,,,,,,,,Included_Inclus,,,,,,,Included_Inclus,,,,,
Long-billed Dowitcher,Bécassin à long bec,Limnodromus scolopaceus,Included_Inclus,,,,,,,,Included_Inclus,,,,,,,Included_Inclus,,,,,
American Woodcock,Bécasse d'Amérique,Scolopax minor,Included_Inclus,,,,,,,,Included_Inclus,,,,,,,,Included_Inclus,,,,
Wilson's Snipe,Bécassine de Wilson,Gallinago delicata,Included_Inclus,,,,,,,,Included_Inclus,,,,,,,,Included_Inclus,,,,
Spotted Sandpiper,Chevalier grivelé,Actitis macularius,Included_Inclus,,,,,,,,Included_Inclus,,,,,,,,Included_Inclus,,,,
Solitary Sandpiper,Chevalier solitaire,Tringa solitaria,Included_Inclus,,,,,,Included_Inclus,,Included_Inclus,,,,,,,Included_Inclus,,,,,
Wandering Tattler,Chevalier errant,Tringa incana,Included_Inclus,,,,,,,,Included_Inclus,,,,,,,,Included_Inclus,,,,
Lesser Yellowlegs,Petit Chevalier,Tringa flavipes,Included_Inclus,,,,,,Included_Inclus,,Included_Inclus,,,,,,,Included_Inclus,,,,,
Willet,Chevalier semipalmé,Tringa semipalmata,Included_Inclus,,,,,,,,Included_Inclus,Included_Inclus,,,,,Included_Inclus,,Included_Inclus,,,,
Greater Yellowlegs,Grand Chevalier,Tringa melanoleuca,Included_Inclus,,,,,,Included_Inclus,,Included_Inclus,,,,,,,Included_Inclus,,,,,
Wilson's Phalarope,Phalarope de Wilson,Phalaropus tricolor,Included_Inclus,,,,,,,,Included_Inclus,,,,,,,,Included_Inclus,,,,
Red-necked Phalarope,Phalarope à bec étroit,Phalaropus lobatus,Included_Inclus,,,,,,,,Included_Inclus,,,,,,,,Included_Inclus,,,,
Red Phalarope,Phalarope à bec large,Phalaropus fulicarius,Included_Inclus,,,,,,,,Included_Inclus,,,,,,,,Included_Inclus,,,,
Great Skua,Grand Labbe,Stercorarius skua,Included_Inclus,,,,,Included_Inclus,,,,,,,,,,,,,,,
South Polar Skua,Labbe de McCormick,Stercorarius maccormicki,Included_Inclus,,,,,Included_Inclus,,,,,,,,,,,,,,,
Pomarine Jaeger,Labbe pomarin,Stercorarius pomarinus,Included_Inclus,,,,Included_Inclus,Included_Inclus,,,,,,,,,,,,,,,
Parasitic Jaeger,Labbe parasite,Stercorarius parasiticus,Included_Inclus,,,,Included_Inclus,Included_Inclus,,,,,,,,,,,,,,,
Long-tailed Jaeger,Labbe à longue queue,Stercorarius longicaudus,Included_Inclus,,,,Included_Inclus,Included_Inclus,,,,,,,,,,,,,,,
Dovekie,Mergule nain,Alle alle,Included_Inclus,,,,,Included_Inclus,,,,,,,,,,,,,,,
Common Murre,Guillemot marmette,Uria aalge,Included_Inclus,,,,,Included_Inclus,,,,,,,,,,,,,,,
Thick-billed Murre,Guillemot de Brünnich,Uria lomvia,Included_Inclus,,,,,Included_Inclus,,,,,,,,,,,,,,,
Razorbill,Petit Pingouin,Alca torda,Included_Inclus,,,,,Included_Inclus,,,,,,,,,,,,,,,
Black Guillemot,Guillemot à miroir,Cepphus grylle,Included_Inclus,,,,,Included_Inclus,,,,,,,,,,,,,,,
Great Auk,Grand Pingouin,Pinguinus impennis,,,,,,,,,,,,,,,,,,,,,
Pigeon Guillemot,Guillemot colombin,Cepphus columba,Included_Inclus,,,,,Included_Inclus,,,,,,,,,,,,,,,
Marbled Murrelet,Guillemot marbré,Brachyramphus marmoratus,Included_Inclus,,,,,,Included_Inclus,,,,,,,,,,,,Included_Inclus,,
Scripps's Murrelet,Guillemot de Scripps,Synthliboramphus scrippsi,Included_Inclus,,,,,Included_Inclus,,,,,,,,,,,,,,,
Ancient Murrelet,Guillemot à cou blanc,Synthliboramphus antiquus,Included_Inclus,,,,,Included_Inclus,,,,,,,,,,,,,,,
Cassin's Auklet,Starique de Cassin,Ptychoramphus aleuticus,Included_Inclus,,,,,Included_Inclus,,,,,,,,,,,,,,,
Parakeet Auklet,Starique perroquet,Aethia psittacula,Included_Inclus,,,,,Included_Inclus,,,,,,,,,,,,,,,
Rhinoceros Auklet,Macareux rhinocéros,Cerorhinca monocerata,Included_Inclus,,,,,Included_Inclus,,,,,,,,,,,,,,,
Atlantic Puffin,Macareux moine,Fratercula arctica,Included_Inclus,,,,,Included_Inclus,,,,,,,,,,,,,,,
Horned Puffin,Macareux cornu,Fratercula corniculata,Included_Inclus,,,,,Included_Inclus,,,,,,,,,,,,,,,
Tufted Puffin,Macareux huppé,Fratercula cirrhata,Included_Inclus,,,,,Included_Inclus,,,,,,,,,,,,,,,
Black-legged Kittiwake,Mouette tridactyle,Rissa tridactyla,Included_Inclus,,,,,Included_Inclus,,,,,,,,,,,,,,,
Ivory Gull,Mouette blanche,Pagophila eburnea,Included_Inclus,,,,,Included_Inclus,,,,,,,,,,,,,,,
Sabine's Gull,Mouette de Sabine,Xema sabini,Included_Inclus,,,,Included_Inclus,Included_Inclus,,,,,,,,,,,,,,,
Bonaparte's Gull,Mouette de Bonaparte,Chroicocephalus philadelphia,Included_Inclus,,,,Included_Inclus,,,,,,,,,,,,,,,,
Black-headed Gull,Mouette rieuse,Chroicocephalus ridibundus,Included_Inclus,,,,,Included_Inclus,,,,,,,,,,,,,,,
Little Gull,Mouette pygmée,Hydrocoloeus minutus,Included_Inclus,,,,Included_Inclus,,,,,,,,,,,,,,,,
Ross's Gull,Mouette rosée,Rhodostethia rosea,Included_Inclus,,,,,Included_Inclus,,,,,,,,,,,,,,,
Laughing Gull,Mouette atricille,Leucophaeus atricilla,Included_Inclus,,,,,Included_Inclus,,,,,,,,,,,,,,,
Franklin's Gull,Mouette de Franklin,Leucophaeus pipixcan,Included_Inclus,,,,Included_Inclus,,,,,,,,,,,,,,,,
Heermann's Gull,Goéland de Heermann,Larus heermanni,Included_Inclus,,,,,Included_Inclus,,,,,,,,,,,,,,,
Mew Gull,Goéland cendré,Larus canus,Included_Inclus,,,,Included_Inclus,,,,,,,,,,,,,,,,
Ring-billed Gull,Goéland à bec cerclé,Larus delawarensis,Included_Inclus,,,,Included_Inclus,,,,,,,,,,,,,,,,
Western Gull,Goéland d'Audubon,Larus occidentalis,Included_Inclus,,,,,Included_Inclus,,,,,,,,,,,,,,,
California Gull,Goéland de Californie,Larus californicus,Included_Inclus,,,,Included_Inclus,,,,,,,,,,,,,,,,
Herring Gull,Goéland argenté,Larus argentatus,Included_Inclus,,,,,Included_Inclus,,,,,,,,,,,,,,,
Iceland Gull,Goéland arctique,Larus glaucoides,Included_Inclus,,,,Included_Inclus,Included_Inclus,,,,,,,,,,,,,,,
Lesser Black-backed Gull,Goéland brun,Larus fuscus,Included_Inclus,,,,,Included_Inclus,,,,,,,,,,,,,,,
Glaucous-winged Gull,Goéland à ailes grises,Larus glaucescens,Included_Inclus,,,,,Included_Inclus,,,,,,,,,,,,,,,
Glaucous Gull,Goéland bourgmestre,Larus hyperboreus,Included_Inclus,,,,,Included_Inclus,,,,,,,,,,,,,,,
Great Black-backed Gull,Goéland marin,Larus marinus,Included_Inclus,,,,,Included_Inclus,,,,,,,,,,,,,,,
Caspian Tern,Sterne caspienne,Hydroprogne caspia,Included_Inclus,,,,Included_Inclus,,,,,,,,,,,,,,,,
Black Tern,Guifette noire,Chlidonias niger,Included_Inclus,,,,Included_Inclus,,,,,,,,,,,,,,,,
Roseate Tern,Sterne de Dougall,Sterna dougallii,Included_Inclus,,,,,Included_Inclus,,,,,,,,,,,,,,,
Common Tern,Sterne pierregarin,Sterna hirundo,Included_Inclus,,,,Included_Inclus,Included_Inclus,,,,,,,,,,,,,,,
Arctic Tern,Sterne arctique,Sterna paradisaea,Included_Inclus,,,,Included_Inclus,Included_Inclus,,,,,,,,,,,,,,,
Forster's Tern,Sterne de Forster,Sterna forsteri,Included_Inclus,,,,Included_Inclus,,,,,,,,,,,,,,,,
Red-throated Loon,Plongeon catmarin,Gavia stellata,Included_Inclus,,,,Included_Inclus,,,,,,,,,,,,,,,,
Pacific Loon,Plongeon du Pacifique,Gavia pacifica,Included_Inclus,,,,Included_Inclus,,,,,,,,,,,,,,,,
Common Loon,Plongeon huard,Gavia immer,Included_Inclus,,,,Included_Inclus,,,,,,,,,,,,,,,,
Yellow-billed Loon,Plongeon à bec blanc,Gavia adamsii,Included_Inclus,,,,Included_Inclus,,,,,,,,,,,,,,,,
Laysan Albatross,Albatros de Laysan,Phoebastria immutabilis,Included_Inclus,,,,,Included_Inclus,,,,,,,,,,,,,,,
Black-footed Albatross,Albatros à pieds noirs,Phoebastria nigripes,Included_Inclus,,,,,Included_Inclus,,,,,,,,,,,,,,,
Short-tailed Albatross,Albatros à queue courte,Phoebastria albatrus,Included_Inclus,,,,,Included_Inclus,,,,,,,,,,,,,,,
Northern Fulmar,Fulmar boréal,Fulmarus glacialis,Included_Inclus,,,,,Included_Inclus,,,,,,,,,,,,,,,
Murphy's Petrel,Pétrel de Murphy,Pterodroma ultima,Included_Inclus,,,,,Included_Inclus,,,,,,,,,,,,,,,
Mottled Petrel,Pétrel maculé,Pterodroma inexpectata,Included_Inclus,,,,,Included_Inclus,,,,,,,,,,,,,,,
Cory's Shearwater,Puffin cendré,Calonectris diomedea,Included_Inclus,,,,,Included_Inclus,,,,,,,,,,,,,,,
Buller's Shearwater,Puffin de Buller,Ardenna bulleri,Included_Inclus,,,,,Included_Inclus,,,,,,,,,,,,,,,
Short-tailed Shearwater,Puffin à bec grêle,Ardenna tenuirostris,Included_Inclus,,,,,Included_Inclus,,,,,,,,,,,,,,,
Sooty Shearwater,Puffin fuligineux,Ardenna grisea,Included_Inclus,,,,,Included_Inclus,,,,,,,,,,,,,,,
Great Shearwater,Puffin majeur,Ardenna gravis,Included_Inclus,,,,,Included_Inclus,,,,,,,,,,,,,,,
Pink-footed Shearwater,Puffin à pieds roses,Ardenna creatopus,Included_Inclus,,,,,Included_Inclus,,,,,,,,,,,,,,,
Flesh-footed Shearwater,Puffin à pieds pâles,Ardenna carneipes,Included_Inclus,,,,,Included_Inclus,,,,,,,,,,,,,,,
Manx Shearwater,Puffin des Anglais,Puffinus puffinus,Included_Inclus,,,,,Included_Inclus,,,,,,,,,,,,,,,
Wilson's Storm-Petrel,Océanite de Wilson,Oceanites oceanicus,Included_Inclus,,,,,Included_Inclus,,,,,,,,,,,,,,,
Fork-tailed Storm-Petrel,Océanite à queue fourchue,Oceanodroma furcata,Included_Inclus,,,,,Included_Inclus,,,,,,,,,,,,,,,
Leach's Storm-Petrel,Océanite cul-blanc,Oceanodroma leucorhoa,Included_Inclus,,,,,Included_Inclus,,,,,,,,,,,,,,,
Northern Gannet,Fou de Bassan,Morus bassanus,Included_Inclus,,,,,Included_Inclus,,,,,,,,,,,,,,,
Brandt's Cormorant,Cormoran de Brandt,Phalacrocorax penicillatus,Included_Inclus,,,,,Included_Inclus,,,,,,,,,,,,,,,
Double-crested Cormorant,Cormoran à aigrettes,Phalacrocorax auritus,Included_Inclus,,,,,Included_Inclus,,,,,,,,,,,,,,,
Great Cormorant,Grand Cormoran,Phalacrocorax carbo,Included_Inclus,,,,,Included_Inclus,,,,,,,,,,,,,,,
Pelagic Cormorant,Cormoran pélagique,Phalacrocorax pelagicus,Included_Inclus,,,,,Included_Inclus,,,,,,,,,,,,,,,
American White Pelican,Pélican d'Amérique,Pelecanus erythrorhynchos,Included_Inclus,,,,Included_Inclus,,,,,,,,,,,,,,,,
Brown Pelican,Pélican brun,Pelecanus occidentalis,Included_Inclus,,,,Included_Inclus,,,,,,,,,,,,,,,,
American Bittern,Butor d'Amérique,Botaurus lentiginosus,Included_Inclus,,,,Included_Inclus,,,,,,,,,,,,,,,,
Least Bittern,Petit Blongios,Ixobrychus exilis,Included_Inclus,,,,Included_Inclus,,,,,,,,,,,,,,,,
Great Blue Heron,Grand Héron,Ardea herodias,Included_Inclus,,,,Included_Inclus,,,,,,,,,,,,,,,,
Great Egret,Grande Aigrette,Ardea alba,,Included_Inclus,,,,,,,,,,,,,,,,,,,
Snowy Egret,Aigrette neigeuse,Egretta thula,Included_Inclus,,,,Included_Inclus,,,,,,,,,,,,,,,,
Little Blue Heron,Aigrette bleue,Egretta caerulea,Included_Inclus,,,,Included_Inclus,,,,,,,,,,,,,,,,
Cattle Egret,Héron garde-boeufs,Bubulcus ibis,Included_Inclus,,,,Included_Inclus,,,,,,,,,,,,,,,,
Green Heron,Héron vert,Butorides virescens,Included_Inclus,,,,Included_Inclus,,,,,,,,,,,,,,,,
Black-crowned Night-Heron,Bihoreau gris,Nycticorax nycticorax,Included_Inclus,,,,Included_Inclus,,,,,,,,,,,,,,,,
Glossy Ibis,Ibis falcinelle,Plegadis falcinellus,Included_Inclus,,,,Included_Inclus,,,,,,,,,,,,,,,,
White-faced Ibis,Ibis à face blanche,Plegadis chihi,Included_Inclus,,,,Included_Inclus,,,,,,,,,,,,,,,,
Turkey Vulture,Urubu à tête rouge,Cathartes aura,Included_Inclus,,,Included_Inclus,,,,,,,,,,,,,,,,,
California Condor,Condor de Californie,Gymnogyps californianus,,,,,,,,,,,,,,,,,,,,,
Osprey,Balbuzard pêcheur,Pandion haliaetus,Included_Inclus,,,Included_Inclus,,,,,,,,,,,,,,,,,
Mississippi Kite,Milan du Mississippi,Ictinia mississippiensis,Included_Inclus,,,Included_Inclus,,,,,,,,,,,,,,,,,
Bald Eagle,Pygargue à tête blanche,Haliaeetus leucocephalus,Included_Inclus,,,Included_Inclus,,,,,,,,,,,,,,,,,
Northern Harrier,Busard des marais,Circus hudsonius,Included_Inclus,,,Included_Inclus,,,,,,Included_Inclus,,,,,Included_Inclus,,,,,,
Sharp-shinned Hawk,Épervier brun,Accipiter striatus,Included_Inclus,,,Included_Inclus,,,,,,,,,,,,,,,,,
Cooper's Hawk,Épervier de Cooper,Accipiter cooperii,Included_Inclus,,,Included_Inclus,,,,,,,,,,,,,,,,,
Northern Goshawk,Autour des palombes,Accipiter gentilis,Included_Inclus,,,Included_Inclus,,,,,,,,,,,,,,,,,
Red-shouldered Hawk,Buse à épaulettes,Buteo lineatus,Included_Inclus,,,Included_Inclus,,,,,,,,,,,,,,,,,
Broad-winged Hawk,Petite Buse,Buteo platypterus,Included_Inclus,,,Included_Inclus,,,,,,,,,,,,,,,,,
Swainson's Hawk,Buse de Swainson,Buteo swainsoni,Included_Inclus,,,Included_Inclus,,,,,,Included_Inclus,,,,,Included_Inclus,,,,,,
Red-tailed Hawk,Buse à queue rousse,Buteo jamaicensis,Included_Inclus,,,Included_Inclus,,,,,,,,,,,,,,,,,
Rough-legged Hawk,Buse pattue,Buteo lagopus,Included_Inclus,,,Included_Inclus,,,,,,,,,,,,,,,,,
Ferruginous Hawk,Buse rouilleuse,Buteo regalis,Included_Inclus,,,Included_Inclus,,,,,,Included_Inclus,,,,,Included_Inclus,,,,,,
Golden Eagle,Aigle royal,Aquila chrysaetos,Included_Inclus,,,Included_Inclus,,,,,,,,,,,,,,,,,
Barn Owl,Effraie des clochers,Tyto alba,Included_Inclus,,,,,,,,,Included_Inclus,,,,,Included_Inclus,,,,,,
Flammulated Owl,Petit-duc nain,Psiloscops flammeolus,Included_Inclus,,,,,,Included_Inclus,,,,,,,,,,,,,,
Western Screech-Owl,Petit-duc des montagnes,Megascops kennicottii,Included_Inclus,,,,,,Included_Inclus,,,,,,,,,,,,Included_Inclus,,
Eastern Screech-Owl,Petit-duc maculé,Megascops asio,Included_Inclus,,,,,,Included_Inclus,,,,,,,,,,,,Included_Inclus,,
Great Horned Owl,Grand-duc d'Amérique,Bubo virginianus,Included_Inclus,,,,,,Included_Inclus,,,,,,,,,,,,Included_Inclus,,
Snowy Owl,Harfang des neiges,Bubo scandiacus,Included_Inclus,,,,,,,,,,,,,,,,,,,,
Northern Hawk Owl,Chouette épervière,Surnia ulula,Included_Inclus,,,,,,Included_Inclus,,,,,,,,,,,,Included_Inclus,,
Northern Pygmy-Owl,Chevêchette naine,Glaucidium gnoma,Included_Inclus,,,,,,Included_Inclus,,,,,,,,,,,,Included_Inclus,,
Burrowing Owl,Chevêche des terriers,Athene cunicularia,Included_Inclus,,,,,,,,,Included_Inclus,,,,,Included_Inclus,,,,,,
Spotted Owl,Chouette tachetée,Strix occidentalis,Included_Inclus,,,,,,Included_Inclus,,,,,,,,,,,,Included_Inclus,,
Barred Owl,Chouette rayée,Strix varia,Included_Inclus,,,,,,Included_Inclus,,,,,,,,,,,,Included_Inclus,,
Great Gray Owl,Chouette lapone,Strix nebulosa,Included_Inclus,,,,,,Included_Inclus,,,,,,,,,,,,Included_Inclus,,
Long-eared Owl,Hibou moyen-duc,Asio otus,Included_Inclus,,,,,,Included_Inclus,,,,,,,,,,,,Included_Inclus,,
Short-eared Owl,Hibou des marais,Asio flammeus,Included_Inclus,,,,,,,,,Included_Inclus,,,,,Included_Inclus,,,,,,
Boreal Owl,Nyctale de Tengmalm,Aegolius funereus,Included_Inclus,,,,,,Included_Inclus,,,,,,,,,,,,Included_Inclus,,
Northern Saw-whet Owl,Petite Nyctale,Aegolius acadicus,Included_Inclus,,,,,,Included_Inclus,,,,,,,,,,,,Included_Inclus,,
Belted Kingfisher,Martin-pêcheur d'Amérique,Megaceryle alcyon,Included_Inclus,,,,Included_Inclus,,,,,,,,,,,,,,,,
Lewis's Woodpecker,Pic de Lewis,Melanerpes lewis,Included_Inclus,,,,,,Included_Inclus,,,,,,,,,,,,,,
Red-headed Woodpecker,Pic à tête rouge,Melanerpes erythrocephalus,Included_Inclus,,,,,,Included_Inclus,,,,,,,,,,,,,,
Red-bellied Woodpecker,Pic à ventre roux,Melanerpes carolinus,,Included_Inclus,,,,,,,,,,,,,,,,,,,
Williamson's Sapsucker,Pic de Williamson,Sphyrapicus thyroideus,Included_Inclus,,,,,,Included_Inclus,,,,,,,,,,,,,,
Yellow-bellied Sapsucker,Pic maculé,Sphyrapicus varius,Included_Inclus,,,,,,Included_Inclus,,,,,,,,,,,,,,
Red-naped Sapsucker,Pic à nuque rouge,Sphyrapicus nuchalis,Included_Inclus,,,,,,Included_Inclus,,,,,,,,,,,,,,
Red-breasted Sapsucker,Pic à poitrine rouge,Sphyrapicus ruber,Included_Inclus,,,,,,Included_Inclus,,,,,,,,,,,,Included_Inclus,,
Downy Woodpecker,Pic mineur,Picoides pubescens,Included_Inclus,,,,,,Included_Inclus,,,,,,,,,,,,Included_Inclus,,
Hairy Woodpecker,Pic chevelu,Picoides villosus,Included_Inclus,,,,,,Included_Inclus,,,,,,,,,,,,Included_Inclus,,
White-headed Woodpecker,Pic à tête blanche,Picoides albolarvatus,Included_Inclus,,,,,,Included_Inclus,,,,,,,,,,,,Included_Inclus,,
American Three-toed Woodpecker,Pic à dos rayé,Picoides dorsalis,Included_Inclus,,,,,,Included_Inclus,,,,,,,,,,,,Included_Inclus,,
Black-backed Woodpecker,Pic à dos noir,Picoides arcticus,Included_Inclus,,,,,,Included_Inclus,,,,,,,,,,,,Included_Inclus,,
Northern Flicker,Pic flamboyant,Colaptes auratus,Included_Inclus,,,,,,Included_Inclus,,,,,,,,,,,,,,
Pileated Woodpecker,Grand Pic,Dryocopus pileatus,Included_Inclus,,,,,,Included_Inclus,,,,,,,,,,,,Included_Inclus,,
American Kestrel,Crécerelle d'Amérique,Falco sparverius,Included_Inclus,,,Included_Inclus,,,,,,Included_Inclus,,,,,Included_Inclus,,,,,,
Merlin,Faucon émerillon,Falco columbarius,Included_Inclus,,,Included_Inclus,,,,,,,,,,,,,,,,,
Gyrfalcon,Faucon gerfaut,Falco rusticolus,Included_Inclus,,,Included_Inclus,,,,,,,,,,,,,,,,,
Peregrine Falcon,Faucon pèlerin,Falco peregrinus,Included_Inclus,,,Included_Inclus,,,,,,,,,,,,,,,,,
Prairie Falcon,Faucon des prairies,Falco mexicanus,Included_Inclus,,,Included_Inclus,,,,,,Included_Inclus,,,,,Included_Inclus,,,,,,
Olive-sided Flycatcher,Moucherolle à côtés olive,Contopus cooperi,Included_Inclus,,,,,,Included_Inclus,,,,Included_Inclus,,,,,,,Included_Inclus,,,
Western Wood-Pewee,Pioui de l'Ouest,Contopus sordidulus,Included_Inclus,,,,,,Included_Inclus,,,,Included_Inclus,,,,,,,Included_Inclus,,,
Eastern Wood-Pewee,Pioui de l'Est,Contopus virens,Included_Inclus,,,,,,Included_Inclus,,,,Included_Inclus,,,,,,,Included_Inclus,,,
Yellow-bellied Flycatcher,Moucherolle à ventre jaune,Empidonax flaviventris,Included_Inclus,,,,,,Included_Inclus,,,,,,,,,,,,,,
Acadian Flycatcher,Moucherolle vert,Empidonax virescens,Included_Inclus,,,,,,Included_Inclus,,,,,,,,,,,Included_Inclus,,,
Alder Flycatcher,Moucherolle des aulnes,Empidonax alnorum,Included_Inclus,,,,,,Included_Inclus,,,,,,,,,,,Included_Inclus,,,
Willow Flycatcher,Moucherolle des saules,Empidonax traillii,Included_Inclus,,,,,,Included_Inclus,,,,,,,,,,,,,,
Least Flycatcher,Moucherolle tchébec,Empidonax minimus,Included_Inclus,,,,,,Included_Inclus,,,,,,,,,,,,,,
Hammond's Flycatcher,Moucherolle de Hammond,Empidonax hammondii,Included_Inclus,,,,,,Included_Inclus,,,,,,,,,,,,,,
Gray Flycatcher,Moucherolle gris,Empidonax wrightii,Included_Inclus,,,,,,,Included_Inclus,,,,,,,,,,,,,
Dusky Flycatcher,Moucherolle sombre,Empidonax oberholseri,Included_Inclus,,,,,,Included_Inclus,,,,,,,,,,,,,,
Pacific-slope Flycatcher,Moucherolle côtier,Empidonax difficilis,Included_Inclus,,,,,,Included_Inclus,,,,,,,,,,,,,,
Cordilleran Flycatcher,Moucherolle des ravins,Empidonax occidentalis,Included_Inclus,,,,,,Included_Inclus,,,,,,,,,,,,,,
Eastern Phoebe,Moucherolle phébi,Sayornis phoebe,Included_Inclus,,,,,,,Included_Inclus,,,,,,,,,,,,,
Say's Phoebe,Moucherolle à ventre roux,Sayornis saya,Included_Inclus,,,,,,,Included_Inclus,,,,,,,,,,,,,
Great Crested Flycatcher,Tyran huppé,Myiarchus crinitus,Included_Inclus,,,,,,Included_Inclus,,,,,,,,,,,,,,
Western Kingbird,Tyran de l'Ouest,Tyrannus verticalis,Included_Inclus,,,,,,,,,Included_Inclus,,,,,Included_Inclus,,,,,,
Eastern Kingbird,Tyran tritri,Tyrannus tyrannus,Included_Inclus,,,,,,Included_Inclus,,,,,,,,,,,Included_Inclus,,,
Loggerhead Shrike,Pie-grièche migratrice,Lanius ludovicianus,Included_Inclus,,,,,,,,,Included_Inclus,,,,,,,,,,,
Northern Shrike,Pie-grièche boréale,Lanius borealis,Included_Inclus,,,,,,,Included_Inclus,,,,,,,,,,,,,
White-eyed Vireo,Viréo aux yeux blancs,Vireo griseus,Included_Inclus,,,,,,,Included_Inclus,,,,,,,,,,,,,
Hutton's Vireo,Viréo de Hutton,Vireo huttoni,Included_Inclus,,,,,,Included_Inclus,,,,,,,,,,,,Included_Inclus,,
Yellow-throated Vireo,Viréo à gorge jaune,Vireo flavifrons,Included_Inclus,,,,,,Included_Inclus,,,,,,,,,,,,,,
Cassin's Vireo,Viréo de Cassin,Vireo cassinii,Included_Inclus,,,,,,Included_Inclus,,,,,,,,,,,,,,
Blue-headed Vireo,Viréo à tête bleue,Vireo solitarius,Included_Inclus,,,,,,Included_Inclus,,,,,,,,,,,,,,
Philadelphia Vireo,Viréo de Philadelphie,Vireo philadelphicus,Included_Inclus,,,,,,Included_Inclus,,,,,,,,,,,,,,
Warbling Vireo,Viréo mélodieux,Vireo gilvus,Included_Inclus,,,,,,Included_Inclus,,,,,,,,,,,,,,
Red-eyed Vireo,Viréo aux yeux rouges,Vireo olivaceus,Included_Inclus,,,,,,Included_Inclus,,,,,,,,,,,,,,
Canada Jay,Mésangeai du Canada,Perisoreus canadensis,Included_Inclus,,,,,,Included_Inclus,,,,,,,,,,,,Included_Inclus,,
Steller's Jay,Geai de Steller,Cyanocitta stelleri,Included_Inclus,,,,,,Included_Inclus,,,,,,,,,,,,Included_Inclus,,
Blue Jay,Geai bleu,Cyanocitta cristata,Included_Inclus,,,,,,,Included_Inclus,,,,,,,,,,,,,
California Scrub-Jay,Geai buissonnier,Aphelocoma californica,Included_Inclus,,,,,,,Included_Inclus,,,,,,,,,,,,,
Clark's Nutcracker,Cassenoix d'Amérique,Nucifraga columbiana,Included_Inclus,,,,,,Included_Inclus,,,,,,,,,,,,Included_Inclus,Included_Inclus,
Black-billed Magpie,Pie d'Amérique,Pica hudsonia,Included_Inclus,,,,,,,Included_Inclus,,,,,,,,,,,,,
American Crow,Corneille d'Amérique,Corvus brachyrhynchos,Included_Inclus,,,,,,,Included_Inclus,,,,,,,,,,,,,
Northwestern Crow,Corneille d'Alaska,Corvus caurinus,Included_Inclus,,,,,,,Included_Inclus,,,,,,,,,,,,,
Common Raven,Grand Corbeau,Corvus corax,Included_Inclus,,,,,,,Included_Inclus,,,,,,,,,,,,,
Eurasian Skylark,Alouette des champs,Alauda arvensis,,,,,,,,,,,,,,,,,,,,,
Horned Lark,Alouette hausse-col,Eremophila alpestris,Included_Inclus,,,,,,,,,Included_Inclus,,,,,Included_Inclus,,,,,,
Purple Martin,Hirondelle noire,Progne subis,Included_Inclus,,,,,,,,,,Included_Inclus,,,,,,,,,,
Tree Swallow,Hirondelle bicolore,Tachycineta bicolor,Included_Inclus,,,,,,,,,,Included_Inclus,,,,,,,,,,
Violet-green Swallow,Hirondelle à face blanche,Tachycineta thalassina,Included_Inclus,,,,,,,,,,Included_Inclus,,,,,,,,,,
Northern Rough-winged Swallow,Hirondelle à ailes hérissées,Stelgidopteryx serripennis,Included_Inclus,,,,,,,,,,Included_Inclus,,,,,,,,,,
Bank Swallow,Hirondelle de rivage,Riparia riparia,Included_Inclus,,,,,,,,,,Included_Inclus,,,,,,,,,,
Cliff Swallow,Hirondelle à front blanc,Petrochelidon pyrrhonota,Included_Inclus,,,,,,,,,,Included_Inclus,,,,,,,,,,
Barn Swallow,Hirondelle rustique,Hirundo rustica,Included_Inclus,,,,,,,,,,Included_Inclus,,,,,,,,,,
Black-capped Chickadee,Mésange à tête noire,Poecile atricapillus,Included_Inclus,,,,,,Included_Inclus,,,,,,,,,,,,Included_Inclus,,
Mountain Chickadee,Mésange de Gambel,Poecile gambeli,Included_Inclus,,,,,,Included_Inclus,,,,,,,,,,,,Included_Inclus,,
Chestnut-backed Chickadee,Mésange à dos marron,Poecile rufescens,Included_Inclus,,,,,,Included_Inclus,,,,,,,,,,,,Included_Inclus,,
Boreal Chickadee,Mésange à tête brune,Poecile hudsonicus,Included_Inclus,,,,,,Included_Inclus,,,,,,,,,,,,Included_Inclus,,
Gray-headed Chickadee,Mésange lapone,Poecile cinctus,Included_Inclus,,,,,,,Included_Inclus,,,,,,,,,,,,,
Tufted Titmouse,Mésange bicolore,Baeolophus bicolor,Included_Inclus,,,,,,Included_Inclus,,,,,,,,,,,,Included_Inclus,,
Bushtit,Mésange buissonnière,Psaltriparus minimus,,Included_Inclus,,,,,,,,,,,,,,,,,,,
Red-breasted Nuthatch,Sittelle à poitrine rousse,Sitta canadensis,Included_Inclus,,,,,,Included_Inclus,,,,,,,,,,,,Included_Inclus,,
White-breasted Nuthatch,Sittelle à poitrine blanche,Sitta carolinensis,Included_Inclus,,,,,,Included_Inclus,,,,,,,,,,,,Included_Inclus,,
Pygmy Nuthatch,Sittelle pygmée,Sitta pygmaea,Included_Inclus,,,,,,Included_Inclus,,,,,,,,,,,,Included_Inclus,,
Brown Creeper,Grimpereau brun,Certhia americana,Included_Inclus,,,,,,Included_Inclus,,,,,,,,,,,,Included_Inclus,,
Rock Wren,Troglodyte des rochers,Salpinctes obsoletus,Included_Inclus,,,,,,,Included_Inclus,,,,,,,,,,,,,
Canyon Wren,Troglodyte des canyons,Catherpes mexicanus,Included_Inclus,,,,,,,Included_Inclus,,,,,,,,,,,,,
House Wren,Troglodyte familier,Troglodytes aedon,Included_Inclus,,,,,,,Included_Inclus,,,,,,,,,,,,,
Pacific Wren,Troglodyte de Baird,Troglodytes pacificus,Included_Inclus,,,,,,Included_Inclus,,,,,,,,,,,,Included_Inclus,,
Winter Wren,Troglodyte des forêts,Troglodytes hiemalis,Included_Inclus,,,,,,Included_Inclus,,,,,,,,,,,,,,
Sedge Wren,Troglodyte à bec court,Cistothorus platensis,Included_Inclus,,,,Included_Inclus,,,,,,,,,,,,,,,,
Marsh Wren,Troglodyte des marais,Cistothorus palustris,Included_Inclus,,,,Included_Inclus,,,,,,,,,,,,,,,,
Carolina Wren,Troglodyte de Caroline,Thryothorus ludovicianus,,Included_Inclus,,,,,,,,,,,,,,,,,,,
Bewick's Wren,Troglodyte de Bewick,Thryomanes bewickii,Included_Inclus,,,,,,Included_Inclus,,,,,,,,,,,,Included_Inclus,,
Blue-gray Gnatcatcher,Gobemoucheron gris-bleu,Polioptila caerulea,,Included_Inclus,,,,,,,,,,,,,,,,,,,
American Dipper,Cincle d'Amérique,Cinclus mexicanus,Included_Inclus,,,,Included_Inclus,,,,,,,,,,,,,,,,
Golden-crowned Kinglet,Roitelet à couronne dorée,Regulus satrapa,Included_Inclus,,,,,,Included_Inclus,,,,,,,,,,,,,,
Ruby-crowned Kinglet,Roitelet à couronne rubis,Regulus calendula,Included_Inclus,,,,,,Included_Inclus,,,,,,,,,,,,,,
Bluethroat,Gorgebleue à miroir,Luscinia svecica,Included_Inclus,,,,,,,Included_Inclus,,,,,,,,,,,,,
Northern Wheatear,Traquet motteux,Oenanthe oenanthe,Included_Inclus,,,,,,,Included_Inclus,,,,,,,,,,,,,
Eastern Bluebird,Merlebleu de l'Est,Sialia sialis,Included_Inclus,,,,,,,Included_Inclus,,,,,,,,,,,,,
Western Bluebird,Merlebleu de l'Ouest,Sialia mexicana,Included_Inclus,,,,,,Included_Inclus,,,,,,,,,,,,,,
Mountain Bluebird,Merlebleu azuré,Sialia currucoides,Included_Inclus,,,,,,,Included_Inclus,,,,,,,,,,,,,
Townsend's Solitaire,Solitaire de Townsend,Myadestes townsendi,Included_Inclus,,,,,,Included_Inclus,,,,,,,,,,,,,,
Veery,Grive fauve,Catharus fuscescens,Included_Inclus,,,,,,Included_Inclus,,,,,,,,,,,Included_Inclus,,,
Gray-cheeked Thrush,Grive à joues grises,Catharus minimus,Included_Inclus,,,,,,Included_Inclus,,,,,,,,,,,Included_Inclus,,,
Bicknell's Thrush,Grive de Bicknell,Catharus bicknelli,Included_Inclus,,,,,,Included_Inclus,,,,,,,,,,,,,,
Swainson's Thrush,Grive à dos olive,Catharus ustulatus,Included_Inclus,,,,,,Included_Inclus,,,,,,,,,,,Included_Inclus,,,
Hermit Thrush,Grive solitaire,Catharus guttatus,Included_Inclus,,,,,,Included_Inclus,,,,,,,,,,,,,,
Wood Thrush,Grive des bois,Hylocichla mustelina,Included_Inclus,,,,,,Included_Inclus,,,,,,,,,,,,,,
American Robin,Merle d'Amérique,Turdus migratorius,Included_Inclus,,,,,,,Included_Inclus,,,,,,,,,,,,,
Varied Thrush,Grive à collier,Ixoreus naevius,Included_Inclus,,,,,,Included_Inclus,,,,,,,,,,,,,Included_Inclus,
Gray Catbird,Moqueur chat,Dumetella carolinensis,Included_Inclus,,,,,,,Included_Inclus,,,,,,,,,,,,,
Brown Thrasher,Moqueur roux,Toxostoma rufum,Included_Inclus,,,,,,,Included_Inclus,,,,,,,,,,,,,
Sage Thrasher,Moqueur des armoises,Oreoscoptes montanus,Included_Inclus,,,,,,,Included_Inclus,,,,,,,,,,,,,
Northern Mockingbird,Moqueur polyglotte,Mimus polyglottos,Included_Inclus,,,,,,,Included_Inclus,,,,,,,,,,,,,
European Starling,Étourneau sansonnet,Sturnus vulgaris,,,,,,,,,,,,,,,,,,,,,
Bohemian Waxwing,Jaseur boréal,Bombycilla garrulus,Included_Inclus,,,,,,Included_Inclus,,,,,,,,,,,,Included_Inclus,Included_Inclus,
Cedar Waxwing,Jaseur d'Amérique,Bombycilla cedrorum,Included_Inclus,,,,,,,Included_Inclus,,,,,,,,,,,,,
House Sparrow,Moineau domestique,Passer domesticus,,,,,,,,,,,,,,,,,,,,,
Eastern Yellow Wagtail,Bergeronnette de Béringie,Motacilla tschutschensis,Included_Inclus,,,,,,,Included_Inclus,,,,,,,,,,,,,
American Pipit,Pipit d'Amérique,Anthus rubescens,Included_Inclus,,,,,,,Included_Inclus,,,,,,,,,,,,,
Sprague's Pipit,Pipit de Sprague,Anthus spragueii,Included_Inclus,,,,,,,,,Included_Inclus,,,,Included_Inclus,,,,,,,
Evening Grosbeak,Gros-bec errant,Coccothraustes vespertinus,Included_Inclus,,,,,,Included_Inclus,,,,,,,,,,,,Included_Inclus,Included_Inclus,
Pine Grosbeak,Durbec des sapins,Pinicola enucleator,Included_Inclus,,,,,,Included_Inclus,,,,,,,,,,,,Included_Inclus,Included_Inclus,
Gray-crowned Rosy-Finch,Roselin à tête grise,Leucosticte tephrocotis,Included_Inclus,,,,,,,Included_Inclus,,,,,,,,,,,,,
House Finch,Roselin familier,Haemorhous mexicanus,Included_Inclus,,,,,,,Included_Inclus,,,,,,,,,,,,,
Purple Finch,Roselin pourpré,Haemorhous purpureus,Included_Inclus,,,,,,Included_Inclus,,,,,,,,,,,,,Included_Inclus,
Cassin's Finch,Roselin de Cassin,Haemorhous cassinii,Included_Inclus,,,,,,Included_Inclus,,,,,,,,,,,,,Included_Inclus,
Common Redpoll,Sizerin flammé,Acanthis flammea,Included_Inclus,,,,,,,Included_Inclus,,,,,,,,,,,,Included_Inclus,
Hoary Redpoll,Sizerin blanchâtre,Acanthis hornemanni,Included_Inclus,,,,,,,Included_Inclus,,,,,,,,,,,,,
Red Crossbill,Bec-croisé des sapins,Loxia curvirostra,Included_Inclus,,,,,,Included_Inclus,,,,,,,,,,,,Included_Inclus,Included_Inclus,
White-winged Crossbill,Bec-croisé bifascié,Loxia leucoptera,Included_Inclus,,,,,,Included_Inclus,,,,,,,,,,,,Included_Inclus,Included_Inclus,
Pine Siskin,Tarin des pins,Spinus pinus,Included_Inclus,,,,,,Included_Inclus,,,,,,,,,,,,Included_Inclus,Included_Inclus,
American Goldfinch,Chardonneret jaune,Spinus tristis,Included_Inclus,,,,,,Included_Inclus,,,,,,,,,,,,Included_Inclus,,
Lapland Longspur,Plectrophane lapon,Calcarius lapponicus,Included_Inclus,,,,,,,Included_Inclus,,,,,,,,,,,,,
Chestnut-collared Longspur,Plectrophane à ventre noir,Calcarius ornatus,Included_Inclus,,,,,,,,,Included_Inclus,,,,Included_Inclus,,,,,,,
Smith's Longspur,Plectrophane de Smith,Calcarius pictus,Included_Inclus,,,,,,,Included_Inclus,,,,,,,,,,,,,
McCown's Longspur,Plectrophane de McCown,Rhynchophanes mccownii,Included_Inclus,,,,,,,,,Included_Inclus,,,,Included_Inclus,,,,,,,
Snow Bunting,Plectrophane des neiges,Plectrophenax nivalis,Included_Inclus,,,,,,,Included_Inclus,,,,,,,,,,,,,
Spotted Towhee,Tohi tacheté,Pipilo maculatus,Included_Inclus,,,,,,,Included_Inclus,,,,,,,,,,,,,
Eastern Towhee,Tohi à flancs roux,Pipilo erythrophthalmus,Included_Inclus,,,,,,,Included_Inclus,,,,,,,,,,,,,
American Tree Sparrow,Bruant hudsonien,Spizelloides arborea,Included_Inclus,,,,,,,Included_Inclus,,,,,,,,,,,,,
Chipping Sparrow,Bruant familier,Spizella passerina,Included_Inclus,,,,,,,Included_Inclus,,,,,,,,,,,,,
Clay-colored Sparrow,Bruant des plaines,Spizella pallida,Included_Inclus,,,,,,,Included_Inclus,,,,,,,,,,,,,
Brewer's Sparrow,Bruant de Brewer,Spizella breweri,Included_Inclus,,,,,,,Included_Inclus,,,,,,,,,,,,,
Field Sparrow,Bruant des champs,Spizella pusilla,Included_Inclus,,,,,,,Included_Inclus,,,,,,,,,,,,,
Vesper Sparrow,Bruant vespéral,Pooecetes gramineus,Included_Inclus,,,,,,,,,Included_Inclus,,,,,,,,,,,
Lark Sparrow,Bruant à joues marron,Chondestes grammacus,Included_Inclus,,,,,,,Included_Inclus,,,,,,,,,,,,,
Lark Bunting,Bruant noir et blanc,Calamospiza melanocorys,Included_Inclus,,,,,,,,,Included_Inclus,,,,Included_Inclus,,,,,,,
Savannah Sparrow,Bruant des prés,Passerculus sandwichensis,Included_Inclus,,,,,,,,,Included_Inclus,,,,,Included_Inclus,,,,,,
Grasshopper Sparrow,Bruant sauterelle,Ammodramus savannarum,Included_Inclus,,,,,,,,,Included_Inclus,,,,,Included_Inclus,,,,,,
Baird's Sparrow,Bruant de Baird,Ammodramus bairdii,Included_Inclus,,,,,,,,,Included_Inclus,,,,Included_Inclus,,,,,,,
Henslow's Sparrow,Bruant de Henslow,Ammodramus henslowii,Included_Inclus,,,,,,,,,Included_Inclus,,,,,Included_Inclus,,,,,,
Le Conte's Sparrow,Bruant de LeConte,Ammodramus leconteii,Included_Inclus,,,,,,,,,Included_Inclus,,,,,Included_Inclus,,,,,,
Nelson's Sparrow,Bruant de Nelson,Ammodramus nelsoni,Included_Inclus,,,,Included_Inclus,,,,,,,,,,,,,,,,
Fox Sparrow,Bruant fauve,Passerella iliaca,Included_Inclus,,,,,,Included_Inclus,,,,,,,,,,,,,,
Song Sparrow,Bruant chanteur,Melospiza melodia,Included_Inclus,,,,,,,Included_Inclus,,,,,,,,,,,,,
Lincoln's Sparrow,Bruant de Lincoln,Melospiza lincolnii,Included_Inclus,,,,,,,Included_Inclus,,,,,,,,,,,,,
Swamp Sparrow,Bruant des marais,Melospiza georgiana,Included_Inclus,,,,Included_Inclus,,,,,,,,,,,,,,,,
White-throated Sparrow,Bruant à gorge blanche,Zonotrichia albicollis,Included_Inclus,,,,,,Included_Inclus,,,,,,,,,,,,,,
Harris's Sparrow,Bruant à face noire,Zonotrichia querula,Included_Inclus,,,,,,,Included_Inclus,,,,,,,,,,,,,
White-crowned Sparrow,Bruant à couronne blanche,Zonotrichia leucophrys,Included_Inclus,,,,,,,Included_Inclus,,,,,,,,,,,,,
Golden-crowned Sparrow,Bruant à couronne dorée,Zonotrichia atricapilla,Included_Inclus,,,,,,,Included_Inclus,,,,,,,,,,,,,
Dark-eyed Junco,Junco ardoisé,Junco hyemalis,Included_Inclus,,,,,,Included_Inclus,,,,,,,,,,,,,,
Yellow-breasted Chat,Ictérie polyglotte,Icteria virens,Included_Inclus,,,,,,,Included_Inclus,,,,,,,,,,,,,
Yellow-headed Blackbird,Carouge à tête jaune,Xanthocephalus xanthocephalus,Included_Inclus,,,,Included_Inclus,,,,,,,,,,,,,,,,
Bobolink,Goglu des prés,Dolichonyx oryzivorus,Included_Inclus,,,,,,,,,Included_Inclus,,,,,Included_Inclus,,,,,,
Eastern Meadowlark,Sturnelle des prés,Sturnella magna,Included_Inclus,,,,,,,,,Included_Inclus,,,,,Included_Inclus,,,,,,
Western Meadowlark,Sturnelle de l'Ouest,Sturnella neglecta,Included_Inclus,,,,,,,,,Included_Inclus,,,,,,,,,,,
Orchard Oriole,Oriole des vergers,Icterus spurius,Included_Inclus,,,,,,,Included_Inclus,,,,,,,,,,,,,
Bullock's Oriole,Oriole de Bullock,Icterus bullockii,Included_Inclus,,,,,,,Included_Inclus,,,,,,,,,,,,,
Baltimore Oriole,Oriole de Baltimore,Icterus galbula,Included_Inclus,,,,,,,Included_Inclus,,,,,,,,,,,,,
Red-winged Blackbird,Carouge à épaulettes,Agelaius phoeniceus,Included_Inclus,,,,Included_Inclus,,,,,,,,,,,,,,,,
Brown-headed Cowbird,Vacher à tête brune,Molothrus ater,Included_Inclus,,,,,,,Included_Inclus,,,,,,,,,,,,,
Rusty Blackbird,Quiscale rouilleux,Euphagus carolinus,Included_Inclus,,,,,,Included_Inclus,,,,,,,,,,,,,,
Brewer's Blackbird,Quiscale de Brewer,Euphagus cyanocephalus,Included_Inclus,,,,,,,Included_Inclus,,,,,,,,,,,,,
Common Grackle,Quiscale bronzé,Quiscalus quiscula,Included_Inclus,,,,,,,Included_Inclus,,,,,,,,,,,,,
Ovenbird,Paruline couronnée,Seiurus aurocapilla,Included_Inclus,,,,,,Included_Inclus,,,,,,,,,,,,,,
Worm-eating Warbler,Paruline vermivore,Helmitheros vermivorum,Included_Inclus,,,,,,,Included_Inclus,,,,,,,,,,,,,
Louisiana Waterthrush,Paruline hochequeue,Parkesia motacilla,Included_Inclus,,,,,,Included_Inclus,,,,,,,,,,,,,,
Northern Waterthrush,Paruline des ruisseaux,Parkesia noveboracensis,Included_Inclus,,,,,,Included_Inclus,,,,,,,,,,,,,,
Golden-winged Warbler,Paruline à ailes dorées,Vermivora chrysoptera,Included_Inclus,,,,,,Included_Inclus,,,,,,,,,,,,,,
Blue-winged Warbler,Paruline à ailes bleues,Vermivora cyanoptera,,Included_Inclus,,,,,,,,,,,,,,,,,,,
Black-and-white Warbler,Paruline noir et blanc,Mniotilta varia,Included_Inclus,,,,,,Included_Inclus,,,,,,,,,,,,,,
Prothonotary Warbler,Paruline orangée,Protonotaria citrea,Included_Inclus,,,,,,Included_Inclus,,,,,,,,,,,,,,
Tennessee Warbler,Paruline obscure,Oreothlypis peregrina,Included_Inclus,,,,,,Included_Inclus,,,,,,,,,,,,,,
Orange-crowned Warbler,Paruline verdâtre,Oreothlypis celata,Included_Inclus,,,,,,Included_Inclus,,,,,,,,,,,,,,
Nashville Warbler,Paruline à joues grises,Oreothlypis ruficapilla,Included_Inclus,,,,,,Included_Inclus,,,,,,,,,,,,,,
Connecticut Warbler,Paruline à gorge grise,Oporornis agilis,Included_Inclus,,,,,,Included_Inclus,,,,,,,,,,,Included_Inclus,,,
MacGillivray's Warbler,Paruline des buissons,Geothlypis tolmiei,Included_Inclus,,,,,,Included_Inclus,,,,,,,,,,,,,,
Mourning Warbler,Paruline triste,Geothlypis philadelphia,Included_Inclus,,,,,,Included_Inclus,,,,,,,,,,,,,,
Common Yellowthroat,Paruline masquée,Geothlypis trichas,Included_Inclus,,,,Included_Inclus,,,,,,,,,,,,,,,,
Hooded Warbler,Paruline à capuchon,Setophaga citrina,Included_Inclus,,,,,,Included_Inclus,,,,,,,,,,,,,,
American Redstart,Paruline flamboyante,Setophaga ruticilla,Included_Inclus,,,,,,Included_Inclus,,,,,,,,,,,,,,
Kirtland's Warbler,Paruline de Kirtland,Setophaga kirtlandii,Included_Inclus,,,,,,,Included_Inclus,,,,,,,,,,,,,
Cape May Warbler,Paruline tigrée,Setophaga tigrina,Included_Inclus,,,,,,Included_Inclus,,,,,,,,,,,,,,
Cerulean Warbler,Paruline azurée,Setophaga cerulea,Included_Inclus,,,,,,Included_Inclus,,,,,,,,,,,Included_Inclus,,,
Northern Parula,Paruline à collier,Setophaga americana,Included_Inclus,,,,,,Included_Inclus,,,,,,,,,,,,,,
Magnolia Warbler,Paruline à tête cendrée,Setophaga magnolia,Included_Inclus,,,,,,Included_Inclus,,,,,,,,,,,,,,
Bay-breasted Warbler,Paruline à poitrine baie,Setophaga castanea,Included_Inclus,,,,,,Included_Inclus,,,,,,,,,,,Included_Inclus,,,
Blackburnian Warbler,Paruline à gorge orangée,Setophaga fusca,Included_Inclus,,,,,,Included_Inclus,,,,,,,,,,,Included_Inclus,,,
Yellow Warbler,Paruline jaune,Setophaga petechia,Included_Inclus,,,,,,,Included_Inclus,,,,,,,,,,,,,
Chestnut-sided Warbler,Paruline à flancs marron,Setophaga pensylvanica,Included_Inclus,,,,,,Included_Inclus,,,,,,,,,,,,,,
Blackpoll Warbler,Paruline rayée,Setophaga striata,Included_Inclus,,,,,,Included_Inclus,,,,,,,,,,,Included_Inclus,,,
Black-throated Blue Warbler,Paruline bleue,Setophaga caerulescens,Included_Inclus,,,,,,Included_Inclus,,,,,,,,,,,,,,
Palm Warbler,Paruline à couronne rousse,Setophaga palmarum,Included_Inclus,,,,,,Included_Inclus,,,,,,,,,,,,,,
Pine Warbler,Paruline des pins,Setophaga pinus,Included_Inclus,,,,,,Included_Inclus,,,,,,,,,,,,,,
Yellow-rumped Warbler,Paruline à croupion jaune,Setophaga coronata,Included_Inclus,,,,,,Included_Inclus,,,,,,,,,,,,,,
Prairie Warbler,Paruline des prés,Setophaga discolor,Included_Inclus,,,,,,,Included_Inclus,,,,,,,,,,,,,
Black-throated Gray Warbler,Paruline grise,Setophaga nigrescens,Included_Inclus,,,,,,Included_Inclus,,,,,,,,,,,,,,
Townsend's Warbler,Paruline de Townsend,Setophaga townsendi,Included_Inclus,,,,,,Included_Inclus,,,,,,,,,,,,,,
Black-throated Green Warbler,Paruline à gorge noire,Setophaga virens,Included_Inclus,,,,,,Included_Inclus,,,,,,,,,,,,,,
Canada Warbler,Paruline du Canada,Cardellina canadensis,Included_Inclus,,,,,,Included_Inclus,,,,,,,,,,,Included_Inclus,,,
Wilson's Warbler,Paruline à calotte noire,Cardellina pusilla,Included_Inclus,,,,,,Included_Inclus,,,,,,,,,,,,,,
Scarlet Tanager,Piranga écarlate,Piranga olivacea,Included_Inclus,,,,,,Included_Inclus,,,,,,,,,,,Included_Inclus,,,
Western Tanager,Piranga à tête rouge,Piranga ludoviciana,Included_Inclus,,,,,,Included_Inclus,,,,,,,,,,,,,,
Northern Cardinal,Cardinal rouge,Cardinalis cardinalis,Included_Inclus,,,,,,Included_Inclus,,,,,,,,,,,,Included_Inclus,,
Rose-breasted Grosbeak,Cardinal à poitrine rose,Pheucticus ludovicianus,Included_Inclus,,,,,,Included_Inclus,,,,,,,,,,,,,,
Black-headed Grosbeak,Cardinal à tête noire,Pheucticus melanocephalus,Included_Inclus,,,,,,Included_Inclus,,,,,,,,,,,,,,
Lazuli Bunting,Passerin azuré,Passerina amoena,Included_Inclus,,,,,,,Included_Inclus,,,,,,,,,,,,,
Indigo Bunting,Passerin indigo,Passerina cyanea,Included_Inclus,,,,,,,Included_Inclus,,,,,,,,,,,,,
Dickcissel,Dickcissel d'Amérique,Spiza americana,Included_Inclus,,,,,,,,,Included_Inclus,,,,,Included_Inclus,,,,,,
